{"currentMusicVolume":0.20000000298023225,"currentEffectVolume":0.20000000298023225,"muteMusic":false,"muteEffect":true}